Year,USD_to_RWF_Rate
2010,584.1284152542373
2011,595.8744975342465
2012,612.5279475409836
2013,649.4550191780821
2014,684.8188019178082
2015,712.313326849315
2016,779.9047491803278
2017,838.6622569863013
2018,868.7951378082191
2019,911.5003969863014
2020,957.1625196721312
2021,1001.3382887671232
2022,1035.7395030136986
2023,1158.4554750684931
2024,1317.6859306010929
2025,1429.1180341059603
